,0
0,https://images.fabric.com/images/200/200/BU-291.jpg
1,https://images.fabric.com/images/200/200/0317410.jpg
2,https://images.fabric.com/images/200/200/BA-468.jpg
3,https://images.fabric.com/images/200/200/0412471.jpg
4,https://images.fabric.com/images/200/200/0411155.jpg
5,https://images.fabric.com/images/200/200/0317452.jpg
6,https://images.fabric.com/images/200/200/0412527.jpg
7,https://images.fabric.com/images/200/200/0260777.jpg
8,https://images.fabric.com/images/200/200/0260778.jpg
9,https://images.fabric.com/images/200/200/BU-295.jpg
10,https://images.fabric.com/images/200/200/0411158.jpg
11,https://images.fabric.com/images/200/200/201127.jpg
12,https://images.fabric.com/images/200/200/ba-457.jpg
13,https://images.fabric.com/images/200/200/BA-473.jpg
14,https://images.fabric.com/images/200/200/0519169.jpg
15,https://images.fabric.com/images/200/200/0487970.jpg
16,https://images.fabric.com/images/200/200/0411157.jpg
17,https://images.fabric.com/images/200/200/0260775.jpg
18,https://images.fabric.com/images/200/200/BU-290.jpg
19,https://images.fabric.com/images/200/200/BU-293.jpg
20,https://images.fabric.com/images/200/200/0317408.jpg
21,https://images.fabric.com/images/200/200/0260739.jpg
22,https://images.fabric.com/images/200/200/BU-292.jpg
23,https://images.fabric.com/images/200/200/0266748.jpg
24,https://images.fabric.com/images/200/200/0260776.jpg
25,https://images.fabric.com/images/200/200/208998.jpg
26,https://images.fabric.com/images/200/200/0519170.jpg
27,https://images.fabric.com/images/200/200/0412468.jpg
28,https://images.fabric.com/images/200/200/BU-296.jpg
29,https://images.fabric.com/images/200/200/ba-416.jpg
30,https://images.fabric.com/images/200/200/BU-289.jpg
31,https://images.fabric.com/images/200/200/0412467.jpg
32,https://images.fabric.com/images/200/200/0487969.jpg
33,https://images.fabric.com/images/200/200/0591209.jpg
34,https://images.fabric.com/images/200/200/0412472.jpg
35,https://images.fabric.com/images/200/200/0266747.jpg
36,https://images.fabric.com/images/200/200/0518051.jpg
37,https://images.fabric.com/images/200/200/0432436.jpg
38,https://images.fabric.com/images/200/200/ba-471.jpg
39,https://images.fabric.com/images/200/200/0317403.jpg
40,https://images.fabric.com/images/200/200/214836.jpg
41,https://images.fabric.com/images/200/200/0519172.jpg
42,https://images.fabric.com/images/200/200/0432425.jpg
43,https://images.fabric.com/images/200/200/0528768.jpg
44,https://images.fabric.com/images/200/200/BU-297.jpg
45,https://images.fabric.com/images/200/200/0317412.jpg
46,https://images.fabric.com/images/200/200/0260780.jpg
47,https://images.fabric.com/images/200/200/0317405.jpg
48,https://images.fabric.com/images/200/200/0539740.jpg
49,https://images.fabric.com/images/200/200/0411161.jpg
50,https://images.fabric.com/images/200/200/0625810.jpg
51,https://images.fabric.com/images/200/200/0412434.jpg
52,https://images.fabric.com/images/200/200/BU-294.jpg
53,https://images.fabric.com/images/200/200/0386366.jpg
54,https://images.fabric.com/images/200/200/0456117.jpg
55,https://images.fabric.com/images/200/200/209838.jpg
56,https://images.fabric.com/images/200/200/0317406.jpg
57,https://images.fabric.com/images/200/200/DT-032.jpg
58,https://images.fabric.com/images/200/200/0528535.jpg
59,https://images.fabric.com/images/200/200/0432432.jpg
60,https://images.fabric.com/images/200/200/0518061.jpg
61,https://images.fabric.com/images/200/200/0260792.jpg
62,https://images.fabric.com/images/200/200/0381517.jpg
63,https://images.fabric.com/images/200/200/0260782.jpg
64,https://images.fabric.com/images/200/200/0260765.jpg
65,https://images.fabric.com/images/200/200/0260767.jpg
66,https://images.fabric.com/images/200/200/0412464.jpg
67,https://images.fabric.com/images/200/200/0456134.jpg
68,https://images.fabric.com/images/200/200/0344753.jpg
69,https://images.fabric.com/images/200/200/0353062.jpg
70,https://images.fabric.com/images/200/200/0344742.jpg
71,https://images.fabric.com/images/200/200/DT-028.jpg
72,https://images.fabric.com/images/200/200/0412466.jpg
73,https://images.fabric.com/images/200/200/0412503.jpg
74,https://images.fabric.com/images/200/200/0456139.jpg
75,https://images.fabric.com/images/200/200/0381516.jpg
76,https://images.fabric.com/images/200/200/0381525.jpg
77,https://images.fabric.com/images/200/200/0432429.jpg
78,https://images.fabric.com/images/200/200/0583905.jpg
79,https://images.fabric.com/images/200/200/0518067.jpg
80,https://images.fabric.com/images/200/200/0519174.jpg
81,https://images.fabric.com/images/200/200/0456107.jpg
82,https://images.fabric.com/images/200/200/0411152.jpg
83,https://images.fabric.com/images/200/200/0412513.jpg
84,https://images.fabric.com/images/200/200/0412507.jpg
85,https://images.fabric.com/images/200/200/0519162.jpg
86,https://images.fabric.com/images/200/200/0381519.jpg
87,https://images.fabric.com/images/200/200/0568189.jpg
88,https://images.fabric.com/images/200/200/0412469.jpg
89,https://images.fabric.com/images/200/200/0487976.jpg
90,https://images.fabric.com/images/200/200/0456098.jpg
91,https://images.fabric.com/images/200/200/0456093.jpg
92,https://images.fabric.com/images/200/200/0432427.jpg
93,https://images.fabric.com/images/200/200/0456092.jpg
94,https://images.fabric.com/images/200/200/0260785.jpg
95,https://images.fabric.com/images/200/200/0344751.jpg
96,https://images.fabric.com/images/200/200/0432431.jpg
97,https://images.fabric.com/images/200/200/0412514.jpg
98,https://images.fabric.com/images/200/200/220856.jpg
99,https://images.fabric.com/images/200/200/0456125.jpg
100,https://images.fabric.com/images/200/200/0487966.jpg
101,https://images.fabric.com/images/200/200/0260779.jpg
102,https://images.fabric.com/images/200/200/0458615.jpg
103,https://images.fabric.com/images/200/200/0456110.jpg
104,https://images.fabric.com/images/200/200/0654016.jpg
105,https://images.fabric.com/images/200/200/0583904.jpg
106,https://images.fabric.com/images/200/200/0456091.jpg
107,https://images.fabric.com/images/200/200/0583902.jpg
108,https://images.fabric.com/images/200/200/0654015.jpg
109,https://images.fabric.com/images/200/200/0487968.jpg
110,https://images.fabric.com/images/200/200/0519161.jpg
111,https://images.fabric.com/images/200/200/0654026.jpg
112,https://images.fabric.com/images/200/200/0518068.jpg
113,https://images.fabric.com/images/200/200/0260784.jpg
114,https://images.fabric.com/images/200/200/0583900.jpg
115,https://images.fabric.com/images/200/200/0456126.jpg
116,https://images.fabric.com/images/200/200/DT-021.jpg
117,https://images.fabric.com/images/200/200/0260791.jpg
118,https://images.fabric.com/images/200/200/BM-299.jpg
119,https://images.fabric.com/images/200/200/0519171.jpg
120,https://images.fabric.com/images/200/200/0260766.jpg
121,https://images.fabric.com/images/200/200/0654030.jpg
122,https://images.fabric.com/images/200/200/0432421.jpg
123,https://images.fabric.com/images/200/200/0432428.jpg
124,https://images.fabric.com/images/200/200/0456086.jpg
125,https://images.fabric.com/images/200/200/0381521.jpg
126,https://images.fabric.com/images/200/200/0539739.jpg
127,https://images.fabric.com/images/200/200/0518066.jpg
128,https://images.fabric.com/images/200/200/0591210.jpg
129,https://images.fabric.com/images/200/200/0432435.jpg
130,https://images.fabric.com/images/200/200/0518060.jpg
131,https://images.fabric.com/images/200/200/0538987.jpg
132,https://images.fabric.com/images/200/200/0317404.jpg
133,https://images.fabric.com/images/200/200/0583907.jpg
134,https://images.fabric.com/images/200/200/0654029.jpg
135,https://images.fabric.com/images/200/200/0583903.jpg
136,https://images.fabric.com/images/200/200/0353057.jpg
137,https://images.fabric.com/images/200/200/0381523.jpg
138,https://images.fabric.com/images/200/200/0456136.jpg
139,https://images.fabric.com/images/200/200/0583898.jpg
140,https://images.fabric.com/images/200/200/0583901.jpg
141,https://images.fabric.com/images/200/200/0487974.jpg
142,https://images.fabric.com/images/200/200/0317421.jpg
143,https://images.fabric.com/images/200/200/0432430.jpg
144,https://images.fabric.com/images/200/200/0654014.jpg
145,https://images.fabric.com/images/200/200/0583908.jpg
146,https://images.fabric.com/images/200/200/0260772.jpg
147,https://images.fabric.com/images/200/200/0487973.jpg
148,https://images.fabric.com/images/200/200/0528766.jpg
149,https://images.fabric.com/images/200/200/0260769.jpg
150,https://images.fabric.com/images/200/200/0528766.jpg
151,https://images.fabric.com/images/200/200/0456123.jpg
152,https://images.fabric.com/images/200/200/0487975.jpg
153,https://images.fabric.com/images/200/200/0260769.jpg
154,https://images.fabric.com/images/200/200/0456121.jpg
155,https://images.fabric.com/images/200/200/0260786.jpg
156,https://images.fabric.com/images/200/200/0456096.jpg
157,https://images.fabric.com/images/200/200/0317409.jpg
158,https://images.fabric.com/images/200/200/0456085.jpg
159,https://images.fabric.com/images/200/200/0456122.jpg
160,https://images.fabric.com/images/200/200/0630466.jpg
161,https://images.fabric.com/images/200/200/0432424.jpg
162,https://images.fabric.com/images/200/200/0456112.jpg
163,https://images.fabric.com/images/200/200/0411153.jpg
164,https://images.fabric.com/images/200/200/0654022.jpg
165,https://images.fabric.com/images/200/200/0386376.jpg
166,https://images.fabric.com/images/200/200/0654027.jpg
167,https://images.fabric.com/images/200/200/0583897.jpg
168,https://images.fabric.com/images/200/200/0635557.jpg
169,https://images.fabric.com/images/200/200/0562976.jpg
170,https://images.fabric.com/images/200/200/0568180.jpg
171,https://images.fabric.com/images/200/200/0568185.jpg
172,https://images.fabric.com/images/200/200/0568190.jpg
173,https://images.fabric.com/images/200/200/0635060.jpg
174,https://images.fabric.com/images/200/200/0568157.jpg
175,https://images.fabric.com/images/200/200/0456088.jpg
176,https://images.fabric.com/images/200/200/0487978.jpg
177,https://images.fabric.com/images/200/200/0432433.jpg
178,https://images.fabric.com/images/200/200/0381520.jpg
179,https://images.fabric.com/images/200/200/0487971.jpg
180,https://images.fabric.com/images/200/200/0528767.jpg
181,https://images.fabric.com/images/200/200/0583899.jpg
182,https://images.fabric.com/images/200/200/0583909.jpg
183,https://images.fabric.com/images/200/200/0568156.jpg
184,https://images.fabric.com/images/200/200/0598077.jpg
185,https://images.fabric.com/images/200/200/0597364.jpg
186,https://images.fabric.com/images/200/200/0630467.jpg
187,https://images.fabric.com/images/200/200/0654189.jpg
188,https://images.fabric.com/images/200/200/0654019.jpg
189,https://images.fabric.com/images/200/200/0654021.jpg
190,https://images.fabric.com/images/200/200/0654188.jpg
191,https://images.fabric.com/images/200/200/0654025.jpg
192,https://images.fabric.com/images/200/200/0654199.jpg
193,https://images.fabric.com/images/200/200/0654196.jpg
194,https://images.fabric.com/images/200/200/0654024.jpg
195,https://images.fabric.com/images/200/200/0654046.jpg
196,https://images.fabric.com/images/200/200/0654136.jpg
197,https://images.fabric.com/images/200/200/0630465.jpg
198,https://images.fabric.com/images/200/200/0654018.jpg
199,https://images.fabric.com/images/200/200/0518058.jpg
200,https://images.fabric.com/images/200/200/0538978.jpg
201,https://images.fabric.com/images/200/200/0654028.jpg
202,https://images.fabric.com/images/200/200/0519175.jpg
203,https://images.fabric.com/images/200/200/0591314.jpg
204,https://images.fabric.com/images/200/200/0456116.jpg
205,https://images.fabric.com/images/200/200/0568194.jpg
206,https://images.fabric.com/images/200/200/0654268.jpg
207,https://images.fabric.com/images/200/200/0654017.jpg
208,https://images.fabric.com/images/200/200/0456097.jpg
209,https://images.fabric.com/images/200/200/0456095.jpg
210,https://images.fabric.com/images/200/200/0481366.jpg
211,https://images.fabric.com/images/200/200/0474432.jpg
212,https://images.fabric.com/images/200/200/0485293.jpg
213,https://images.fabric.com/images/200/200/0483738.jpg
214,https://images.fabric.com/images/200/200/0480824.jpg
215,https://images.fabric.com/images/200/200/0519164.jpg
216,https://images.fabric.com/images/200/200/0636907.jpg
217,https://images.fabric.com/images/200/200/0411154.jpg
218,https://images.fabric.com/images/200/200/DT-035.jpg
219,https://images.fabric.com/images/200/200/0456113.jpg
220,https://images.fabric.com/images/200/200/0521349.jpg
221,https://images.fabric.com/images/200/200/0456114.jpg
222,https://images.fabric.com/images/200/200/0591212.jpg
223,https://images.fabric.com/images/200/200/0568182.jpg
224,https://images.fabric.com/images/200/200/0598182.jpg
225,https://images.fabric.com/images/200/200/0677201.jpg
226,https://images.fabric.com/images/200/200/0677197.jpg
227,https://images.fabric.com/images/200/200/0677199.jpg
228,https://images.fabric.com/images/200/200/0677200.jpg
229,https://images.fabric.com/images/200/200/0591315.jpg
230,https://images.fabric.com/images/200/200/0568182.jpg
231,https://images.fabric.com/images/200/200/0598182.jpg
232,https://images.fabric.com/images/200/200/0487977.jpg
233,https://images.fabric.com/images/200/200/0432423.jpg
234,https://images.fabric.com/images/200/200/0591213.jpg
235,https://images.fabric.com/images/200/200/0487972.jpg
236,https://images.fabric.com/images/200/200/0518056.jpg
237,https://images.fabric.com/images/200/200/0654023.jpg
238,https://images.fabric.com/images/200/200/0654020.jpg
239,https://images.fabric.com/images/200/200/0386363.jpg
240,https://images.fabric.com/images/200/200/0456131.jpg
241,https://images.fabric.com/images/200/200/0260757.jpg
242,https://images.fabric.com/images/200/200/0482687.jpg
243,https://images.fabric.com/images/200/200/0482688.jpg
244,https://images.fabric.com/images/200/200/0317450.jpg
245,https://images.fabric.com/images/200/200/0481364.jpg
246,https://images.fabric.com/images/200/200/0654275.jpg
247,https://images.fabric.com/images/200/200/0317420.jpg
248,https://images.fabric.com/images/200/200/0637501.jpg
249,https://images.fabric.com/images/200/200/0456128.jpg
